{"valid": {"acc": {"mean": 0.6689999999999999, "std": 0.07597221714401768, "min": 0.5833333333333334, "max": 0.7916666666666666}, "auc": {"mean": 0.7535464535464536, "std": 0.04369142033212598, "min": 0.6923076923076923, "max": 0.8181818181818181}, "f1_macro": {"mean": 0.6632572811338692, "std": 0.07333018503155701, "min": 0.5833333333333334, "max": 0.7822141560798548}, "loss": {"mean": 0.609135578473409, "std": 0.036658194075446085, "min": 0.5633494059244791, "max": 0.6613528728485107}}, "test": {"acc": {"mean": 0.5677419354838709, "std": 0.0328969000876954, "min": 0.5161290322580645, "max": 0.6129032258064516}, "auc": {"mean": 0.6789915966386555, "std": 0.026118101290621958, "min": 0.6386554621848739, "max": 0.7184873949579832}, "f1_macro": {"mean": 0.5653921190559121, "std": 0.0328739287282774, "min": 0.5141065830721003, "max": 0.6125}, "loss": {"mean": 0.6474903475853705, "std": 0.011461595947798185, "min": 0.633040274343183, "max": 0.6613802140758883}}}