{"valid": {"acc": {"mean": 0.6693333333333333, "std": 0.05916643192441696, "min": 0.5833333333333334, "max": 0.75}, "auc": {"mean": 0.7352647352647352, "std": 0.05811060950706415, "min": 0.6503496503496504, "max": 0.7972027972027972}, "f1_macro": {"mean": 0.6616942220420482, "std": 0.054629670845294444, "min": 0.5804195804195804, "max": 0.7333333333333334}, "loss": {"mean": 0.6060681651433308, "std": 0.05310043330357193, "min": 0.5340385834376017, "max": 0.6735143661499023}}, "test": {"acc": {"mean": 0.5612903225806452, "std": 0.04827945015192183, "min": 0.5161290322580645, "max": 0.6451612903225806}, "auc": {"mean": 0.6529411764705881, "std": 0.024297197134119257, "min": 0.6302521008403361, "max": 0.6974789915966386}, "f1_macro": {"mean": 0.5508256012382698, "std": 0.040353356608692395, "min": 0.507936507936508, "max": 0.6198439241917503}, "loss": {"mean": 0.662019508115707, "std": 0.020953934928202283, "min": 0.6290597608012538, "max": 0.6893509280297064}}}