{"train/fold_0/acc": 0.7604166666666666, "train/fold_0/auc": 0.8347902097902099, "train/fold_0/f1_macro": 0.7544210877544211, "train/fold_0/loss": 0.5449797213077545, "valid/fold_0/acc": 0.64, "valid/fold_0/auc": 0.7272727272727273, "valid/fold_0/f1_macro": 0.6376811594202898, "valid/fold_0/loss": 0.6492072296142578, "epoch": 19, "_timestamp": 1677085544.1303174, "_runtime": 17.475240468978882, "_step": 99, "train/fold_1/acc": 0.7731958762886598, "train/fold_1/auc": 0.8306174957118353, "train/fold_1/f1_macro": 0.7702411714039621, "train/fold_1/loss": 0.5543429126444551, "valid/fold_1/acc": 0.6666666666666666, "valid/fold_1/auc": 0.7132867132867133, "valid/fold_1/f1_macro": 0.6643356643356644, "valid/fold_1/loss": 0.6220935185750326, "train/fold_2/acc": 0.7422680412371134, "train/fold_2/auc": 0.7735849056603773, "train/fold_2/f1_macro": 0.7394994091739178, "train/fold_2/loss": 0.5956783918375822, "valid/fold_2/acc": 0.75, "valid/fold_2/auc": 0.8181818181818181, "valid/fold_2/f1_macro": 0.7500000000000001, "valid/fold_2/loss": 0.566460649172465, "train/fold_3/acc": 0.7835051546391752, "train/fold_3/auc": 0.8379073756432247, "train/fold_3/f1_macro": 0.7788993813090199, "train/fold_3/loss": 0.5358300205973006, "valid/fold_3/acc": 0.6666666666666666, "valid/fold_3/auc": 0.6923076923076923, "valid/fold_3/f1_macro": 0.657142857142857, "valid/fold_3/loss": 0.6826635201772054, "train/fold_4/acc": 0.7422680412371134, "train/fold_4/auc": 0.7937392795883362, "train/fold_4/f1_macro": 0.7350595433191303, "train/fold_4/loss": 0.5853952986677897, "valid/fold_4/acc": 0.7916666666666666, "valid/fold_4/auc": 0.7762237762237763, "valid/fold_4/f1_macro": 0.7822141560798548, "valid/fold_4/loss": 0.5751842260360718, "final": {"valid": {"acc": {"mean": 0.6689999999999999, "std": 0.07597221714401768, "min": 0.5833333333333334, "max": 0.7916666666666666}, "auc": {"mean": 0.7535464535464536, "std": 0.04369142033212598, "min": 0.6923076923076923, "max": 0.8181818181818181}, "f1_macro": {"mean": 0.6632572811338692, "std": 0.07333018503155701, "min": 0.5833333333333334, "max": 0.7822141560798548}, "loss": {"mean": 0.609135578473409, "std": 0.036658194075446085, "min": 0.5633494059244791, "max": 0.6613528728485107}}, "test": {"acc": {"mean": 0.5677419354838709, "std": 0.0328969000876954, "min": 0.5161290322580645, "max": 0.6129032258064516}, "auc": {"mean": 0.6789915966386555, "std": 0.026118101290621958, "min": 0.6386554621848739, "max": 0.7184873949579832}, "f1_macro": {"mean": 0.5653921190559121, "std": 0.0328739287282774, "min": 0.5141065830721003, "max": 0.6125}, "loss": {"mean": 0.6474903475853705, "std": 0.011461595947798185, "min": 0.633040274343183, "max": 0.6613802140758883}}}, "_wandb": {"runtime": 16}}