{"train/fold_0/acc": 0.7604166666666666, "train/fold_0/auc": 0.9130244755244755, "train/fold_0/f1_macro": 0.7597649874877599, "train/fold_0/loss": 0.4859605220456918, "valid/fold_0/acc": 0.52, "valid/fold_0/auc": 0.6493506493506493, "valid/fold_0/f1_macro": 0.5192307692307693, "valid/fold_0/loss": 0.7056379699707032, "epoch": 19, "_timestamp": 1677085574.434926, "_runtime": 20.51735806465149, "_step": 99, "train/fold_1/acc": 0.8144329896907216, "train/fold_1/auc": 0.870926243567753, "train/fold_1/f1_macro": 0.8139386189258313, "train/fold_1/loss": 0.5095794039595988, "valid/fold_1/acc": 0.625, "valid/fold_1/auc": 0.7132867132867133, "valid/fold_1/f1_macro": 0.6243478260869566, "valid/fold_1/loss": 0.668185313542684, "train/fold_2/acc": 0.7731958762886598, "train/fold_2/auc": 0.8241852487135506, "train/fold_2/f1_macro": 0.7676393728222997, "train/fold_2/loss": 0.5838291230275459, "valid/fold_2/acc": 0.7083333333333334, "valid/fold_2/auc": 0.7902097902097902, "valid/fold_2/f1_macro": 0.7037037037037037, "valid/fold_2/loss": 0.5428624550501505, "train/fold_3/acc": 0.7525773195876289, "train/fold_3/auc": 0.8760720411663807, "train/fold_3/f1_macro": 0.7523404255319148, "train/fold_3/loss": 0.49568269240487484, "valid/fold_3/acc": 0.7083333333333334, "valid/fold_3/auc": 0.6853146853146853, "valid/fold_3/f1_macro": 0.7037037037037037, "valid/fold_3/loss": 0.6735143661499023, "train/fold_4/acc": 0.8144329896907216, "train/fold_4/auc": 0.8349056603773585, "train/fold_4/f1_macro": 0.812015503875969, "train/fold_4/loss": 0.5416136258041736, "valid/fold_4/acc": 0.75, "valid/fold_4/auc": 0.7902097902097902, "valid/fold_4/f1_macro": 0.7333333333333334, "valid/fold_4/loss": 0.5595479011535645, "final": {"valid": {"acc": {"mean": 0.6693333333333333, "std": 0.05916643192441696, "min": 0.5833333333333334, "max": 0.75}, "auc": {"mean": 0.7352647352647352, "std": 0.05811060950706415, "min": 0.6503496503496504, "max": 0.7972027972027972}, "f1_macro": {"mean": 0.6616942220420482, "std": 0.054629670845294444, "min": 0.5804195804195804, "max": 0.7333333333333334}, "loss": {"mean": 0.6060681651433308, "std": 0.05310043330357193, "min": 0.5340385834376017, "max": 0.6735143661499023}}, "test": {"acc": {"mean": 0.5612903225806452, "std": 0.04827945015192183, "min": 0.5161290322580645, "max": 0.6451612903225806}, "auc": {"mean": 0.6529411764705881, "std": 0.024297197134119257, "min": 0.6302521008403361, "max": 0.6974789915966386}, "f1_macro": {"mean": 0.5508256012382698, "std": 0.040353356608692395, "min": 0.507936507936508, "max": 0.6198439241917503}, "loss": {"mean": 0.662019508115707, "std": 0.020953934928202283, "min": 0.6290597608012538, "max": 0.6893509280297064}}}, "_wandb": {"runtime": 19}}